[
  {
    "name": "circuit_reference",
    "type": "STRING",
    "description": "Short abbreviation for circuit names."
  },
  {
    "name": "circuit_name",
    "type": "STRING",
    "description": "Circuit Names"
  },
  {
    "name": "circuit_location",
    "type": "STRING",
    "description": "Circuit Location"
  },
  {
    "name": "circuit_country",
    "type": "STRING",
    "description": "Circuit Country"
  },
  {
    "name": "circuit_alt",
    "type": "INTEGER",
    "description": "The circuit number given as an identifier."
  },
  {
    "name": "raceId",
    "type": "INTEGER",
    "description": "Race ID"
  },
  {
    "name": "year",
    "type": "DATE",
    "description": "Year"
  },
  {
    "name": "race_round",
    "type": "INTEGER",
    "description": "Race Round"
  },
  {
    "name": "race_name",
    "type": "STRING",
    "description": "Race Name"
  },
  {
    "name": "race_date",
    "type": "STRING",
    "description": "Race Date"
  },
  {
    "name": "race_time",
    "type": "TIME",
    "description": "Race Time"
  }
]