[
    {
      "name": "constructor_ref",
      "type": "STRING"
    },
    {
      "name": "constructor_name",
      "type": "STRING"
    },
    {
      "name": "constructor_nationality",
      "type": "STRING"
    },
    {
      "name": "constructorStandingsId",
      "type": "INTEGER"
    },
    {
      "name": "raceId",
      "type": "INTEGER"
    },
    {
      "name": "constructor_points",
      "type": "FLOAT"
    },
    {
      "name": "constructor_position",
      "type": "INTEGER"
    },
    {
      "name": "positionText",
      "type": "STRING"
    },
    {
        "name": "points",
        "type": "FLOAT"
    },
    {
        "name": "wins",
        "type": "INTEGER"
    }
  ]