[
    {
      "name": "driverRef",
      "type": "STRING"
    },
    {
      "name": "driver_number",
      "type": "INTEGER"
    },
    {
      "name": "driver_code",
      "type": "STRING"
    },
    {
      "name": "driver_forename",
      "type": "STRING"
    },
    {
      "name": "driver_surname",
      "type": "STRING"
    },
    {
      "name": "driver_dob",
      "type": "DATE"
    },
    {
      "name": "resultId",
      "type": "INTEGER"
    },
    {
      "name": "raceId",
      "type": "INTEGER"
    },
    {
      "name": "start_position",
      "type": "INTEGER"
    },
    {
      "name": "final_position",
      "type": "INTEGER"
    },
    {
      "name": "positionText",
      "type": "STRING"
    },
    {
        "name": "points",
        "type": "FLOAT"
    },
    {
        "name": "fastestLap",
        "type": "INTEGER"
    },
    {
        "name": "rank",
        "type": "INTEGER"
    },
    {
        "name": "fastestLapSpeed",
        "type": "FLOAT"
    },
    {
        "name": "status",
        "type": "STRING"
    }
  ]